{
  "wood": {
    "0": {
      "Price (without multiplier)": 2.707189,
      "Multiplier": 1.0,
      "Multiplier Length": 0,
      "Price": 2.707189,
      "Price History": [
        2.15776014,
        1.67828417,
        1.18927264,
        0.9972809,
        1.13857973,
        1.32511044,
        1.46326721,
        1.60928786,
        1.734598,
        1.859869,
        1.96815217,
        2.107893,
        2.14396834,
        2.29006624,
        2.40890265,
        2.55473,
        2.14555359,
        2.04109645,
        1.57124388,
        1.73653424,
        1.7670368,
        1.721405,
        1.43674541,
        0.867623746,
        0.473835766,
        0.227616712,
        0.0
      ],
      "Sell Amount": 0,
      "Sell Amount History": [
        0,
        0,
        0,
        0,
        0,
        0,
        0,
        0,
        0,
        0,
        0,
        0,
        0,
        0,
        0,
        0,
        0,
        0,
        0,
        0,
        0,
        0,
        0,
        0,
        0,
        0,
        0
      ],
      "Price Drop - Penalty Count": 0,
      "Price Multipliers - Next Possible Event Event": 0,
      "Action - Current Action": "Increase",
      "Action - Count": 3,
      "Action - Goal": 4
    },
    "1567546863": {
      "Price (without multiplier)": 3.60175,
      "Multiplier": 1.0,
      "Multiplier Length": 0,
      "Price": 3.60175,
      "Price History": [
        3.39987183,
        3.47503185,
        4.188857,
        4.749873,
        5.29721832,
        5.512521,
        5.9027276,
        6.636551,
        4.18094158,
        3.95330119,
        4.46610355,
        5.001408,
        5.215976,
        3.822816,
        2.48158288,
        1.20526528,
        1.26745844,
        1.48933339,
        1.680399,
        2.28177524,
        2.44358945,
        2.78626156,
        3.18217182,
        3.596944,
        3.13789868,
        1.173315,
        0.0
      ],
      "Sell Amount": 0,
      "Sell Amount History": [
        0,
        0,
        0,
        0,
        0,
        0,
        0,
        0,
        0,
        0,
        0,
        0,
        0,
        0,
        0,
        0,
        0,
        0,
        0,
        0,
        0,
        0,
        0,
        0,
        0,
        0,
        0
      ],
      "Price Drop - Penalty Count": 0,
      "Price Multipliers - Next Possible Event Event": 0,
      "Action - Current Action": "Increase",
      "Action - Count": 0,
      "Action - Goal": 2
    }
  },
  "stones": {
    "0": {
      "Price (without multiplier)": 1.119675,
      "Multiplier": 1.0,
      "Multiplier Length": 0,
      "Price": 1.119675,
      "Price History": [
        1.18357825,
        1.362552,
        1.43327844,
        1.46294045,
        1.588104,
        1.75751829,
        1.82285762,
        2.019814,
        2.04206324,
        2.24779749,
        2.38031864,
        2.52097368,
        2.59094739,
        2.294362,
        1.66841364,
        1.14504266,
        0.751756847,
        0.945632339,
        1.10554624,
        1.16368711,
        1.35211051,
        1.4181428,
        1.60206747,
        1.51905489,
        0.8707157,
        0.412402928,
        0.0
      ],
      "Sell Amount": 0,
      "Sell Amount History": [
        0,
        0,
        0,
        0,
        0,
        0,
        0,
        0,
        0,
        0,
        0,
        0,
        0,
        0,
        0,
        0,
        0,
        0,
        0,
        0,
        0,
        0,
        0,
        0,
        0,
        0,
        0
      ],
      "Price Drop - Penalty Count": 0,
      "Price Multipliers - Next Possible Event Event": 0,
      "Action - Current Action": "Decrease",
      "Action - Count": 2,
      "Action - Goal": 3
    }
  }
}